Position,Company,Location,Date Posted,Salary,Link
Script Writer,Humanitarian Operations,"London, England, United Kingdom",1 week ago,-,https://uk.linkedin.com/jobs/view/script-writer-at-humanitarian-operations-3497507642?refId=aGn1mdcEtYdBsakc%2BE8OBg%3D%3D&trackingId=%2F8eu%2BrdRMVRIVMi%2Bawu1ZQ%3D%3D&position=1&pageNum=0&trk=public_jobs_jserp-result_search-card
Remote Content Writer / CopyWriter,Transarc,"London, England, United Kingdom",-,-,https://uk.linkedin.com/jobs/view/remote-content-writer-copywriter-at-transarc-3519329442?refId=aGn1mdcEtYdBsakc%2BE8OBg%3D%3D&trackingId=IbIfUnnDsAktTs4gKAfdFA%3D%3D&position=2&pageNum=0&trk=public_jobs_jserp-result_search-card
Remote Content Writer / CopyWriter,Transarc,"London, England, United Kingdom",-,-,https://uk.linkedin.com/jobs/view/remote-content-writer-copywriter-at-transarc-3519331419?refId=aGn1mdcEtYdBsakc%2BE8OBg%3D%3D&trackingId=sMVTsEhUPQ2G8luvxgEpUw%3D%3D&position=3&pageNum=0&trk=public_jobs_jserp-result_search-card
Remote Content Writer / CopyWriter,Transarc,"London, England, United Kingdom",-,-,https://uk.linkedin.com/jobs/view/remote-content-writer-copywriter-at-transarc-3519327686?refId=aGn1mdcEtYdBsakc%2BE8OBg%3D%3D&trackingId=nEp88oM1zT4XqPiWrFZgbw%3D%3D&position=4&pageNum=0&trk=public_jobs_jserp-result_search-card
Remote Content Writer / CopyWriter,Transarc,"London, England, United Kingdom",-,-,https://uk.linkedin.com/jobs/view/remote-content-writer-copywriter-at-transarc-3519331418?refId=aGn1mdcEtYdBsakc%2BE8OBg%3D%3D&trackingId=nhdsjsPr9Xn%2BAN9lliBfFQ%3D%3D&position=5&pageNum=0&trk=public_jobs_jserp-result_search-card
Remote Content Writer / CopyWriter,Transarc,"London, England, United Kingdom",-,-,https://uk.linkedin.com/jobs/view/remote-content-writer-copywriter-at-transarc-3519326783?refId=aGn1mdcEtYdBsakc%2BE8OBg%3D%3D&trackingId=PIwq%2FWHLhApHuyTgEneA0g%3D%3D&position=6&pageNum=0&trk=public_jobs_jserp-result_search-card
Content Writer,Be Amazed Media Ltd,"London, England, United Kingdom",2 months ago,-,https://uk.linkedin.com/jobs/view/content-writer-at-be-amazed-media-ltd-3199692610?refId=aGn1mdcEtYdBsakc%2BE8OBg%3D%3D&trackingId=Q3ArHRd2Aqg2hH3CXNcMDw%3D%3D&position=7&pageNum=0&trk=public_jobs_jserp-result_search-card
Remote Content Writer / CopyWriter,Transarc,"London, England, United Kingdom",-,-,https://uk.linkedin.com/jobs/view/remote-content-writer-copywriter-at-transarc-3519328552?refId=aGn1mdcEtYdBsakc%2BE8OBg%3D%3D&trackingId=UM0yVWrDIB%2B2bbzFii8mLQ%3D%3D&position=8&pageNum=0&trk=public_jobs_jserp-result_search-card
Script Writer,Humanitarian Operations,"Waterloo, England, United Kingdom",2 months ago,-,https://uk.linkedin.com/jobs/view/script-writer-at-humanitarian-operations-3465559841?refId=aGn1mdcEtYdBsakc%2BE8OBg%3D%3D&trackingId=CSNv%2FE4OyN18aNlDNYgFuQ%3D%3D&position=9&pageNum=0&trk=public_jobs_jserp-result_search-card
Remote Content Writer / CopyWriter,Transarc,"London, England, United Kingdom",-,-,https://uk.linkedin.com/jobs/view/remote-content-writer-copywriter-at-transarc-3519330398?refId=aGn1mdcEtYdBsakc%2BE8OBg%3D%3D&trackingId=Y7kYyNDW%2BArGd4Rh84QcIg%3D%3D&position=10&pageNum=0&trk=public_jobs_jserp-result_search-card
Remote Content Writer / CopyWriter,Transarc,"London, England, United Kingdom",-,-,https://uk.linkedin.com/jobs/view/remote-content-writer-copywriter-at-transarc-3519332136?refId=aGn1mdcEtYdBsakc%2BE8OBg%3D%3D&trackingId=C3XuwSYitrGQjAKl8el%2BjA%3D%3D&position=11&pageNum=0&trk=public_jobs_jserp-result_search-card
Remote Content Writer / CopyWriter,Transarc,"London, England, United Kingdom",-,-,https://uk.linkedin.com/jobs/view/remote-content-writer-copywriter-at-transarc-3519326784?refId=aGn1mdcEtYdBsakc%2BE8OBg%3D%3D&trackingId=ScKp2uGTGvz9z1WrKhihMQ%3D%3D&position=12&pageNum=0&trk=public_jobs_jserp-result_search-card
Creative Copywriter,Zinc Network,"London Area, United Kingdom",1 month ago,-,https://uk.linkedin.com/jobs/view/creative-copywriter-at-zinc-network-3482851178?refId=aGn1mdcEtYdBsakc%2BE8OBg%3D%3D&trackingId=r5YEFEXRDPrX17YXU2YV2w%3D%3D&position=13&pageNum=0&trk=public_jobs_jserp-result_search-card
Expression of interest for Freelance Copywriters,&FRIENDS,"London, England, United Kingdom",3 months ago,-,https://uk.linkedin.com/jobs/view/expression-of-interest-for-freelance-copywriters-at-friends-3386212780?refId=aGn1mdcEtYdBsakc%2BE8OBg%3D%3D&trackingId=4hwsOk%2BF%2FC52rsWKxOyZfA%3D%3D&position=14&pageNum=0&trk=public_jobs_jserp-result_search-card
Writer,Fusebox Games,"London, England, United Kingdom",6 days ago,-,https://uk.linkedin.com/jobs/view/writer-at-fusebox-games-3515087013?refId=aGn1mdcEtYdBsakc%2BE8OBg%3D%3D&trackingId=4o5Cl2d8FG2IMQk1v9%2Bawg%3D%3D&position=15&pageNum=0&trk=public_jobs_jserp-result_search-card
Video Editor,Jimmy Choo,"London, England, United Kingdom",3 weeks ago,-,https://uk.linkedin.com/jobs/view/video-editor-at-jimmy-choo-3484781199?refId=aGn1mdcEtYdBsakc%2BE8OBg%3D%3D&trackingId=Az0dE1olvSjdw0t9eMgvvQ%3D%3D&position=16&pageNum=0&trk=public_jobs_jserp-result_search-card
Junior Video Editor - 25k - Social Media Expert - HUGE Media company,Profiles Creative,"London, England, United Kingdom",1 week ago,"£20,000.00
            -
            £26,000.00",https://uk.linkedin.com/jobs/view/junior-video-editor-25k-social-media-expert-huge-media-company-at-profiles-creative-3500421387?refId=aGn1mdcEtYdBsakc%2BE8OBg%3D%3D&trackingId=GEtEA5hTFFxY7374BvPcDA%3D%3D&position=17&pageNum=0&trk=public_jobs_jserp-result_search-card
Junior Clothing Writer,Fashion Workie,"London, England, United Kingdom",2 weeks ago,-,https://uk.linkedin.com/jobs/view/junior-clothing-writer-at-fashion-workie-3502012044?refId=aGn1mdcEtYdBsakc%2BE8OBg%3D%3D&trackingId=MWcOjAjrbx2b164LRIGLXA%3D%3D&position=18&pageNum=0&trk=public_jobs_jserp-result_search-card
Copywriter - Remote In-house role at Gaming Client,eight&four,"London Area, United Kingdom",3 weeks ago,-,https://uk.linkedin.com/jobs/view/copywriter-remote-in-house-role-at-gaming-client-at-eight-four-3486151213?refId=aGn1mdcEtYdBsakc%2BE8OBg%3D%3D&trackingId=bv%2FV5sd8gfysNc4D22%2FquA%3D%3D&position=19&pageNum=0&trk=public_jobs_jserp-result_search-card
Content Writer,BridgeU,"London Area, United Kingdom",2 days ago,-,https://uk.linkedin.com/jobs/view/content-writer-at-bridgeu-3521714861?refId=aGn1mdcEtYdBsakc%2BE8OBg%3D%3D&trackingId=93vNW8nu8k6geWFSyuX1QA%3D%3D&position=20&pageNum=0&trk=public_jobs_jserp-result_search-card
Content and Social Producer,COCOON,"London Area, United Kingdom",2 weeks ago,-,https://uk.linkedin.com/jobs/view/content-and-social-producer-at-cocoon-3495530180?refId=aGn1mdcEtYdBsakc%2BE8OBg%3D%3D&trackingId=H%2FtnupquVn4odxHRyWMX4g%3D%3D&position=21&pageNum=0&trk=public_jobs_jserp-result_search-card
Junior Writer - Style,Fashion Workie,"London, England, United Kingdom",-,-,https://uk.linkedin.com/jobs/view/junior-writer-style-at-fashion-workie-3519325487?refId=aGn1mdcEtYdBsakc%2BE8OBg%3D%3D&trackingId=owBfbHtaMLnUsX1JtWy8nw%3D%3D&position=22&pageNum=0&trk=public_jobs_jserp-result_search-card
Remote Content Writer / CopyWriter,Stanton Group,"London, England, United Kingdom",3 days ago,-,https://uk.linkedin.com/jobs/view/remote-content-writer-copywriter-at-stanton-group-3518208411?refId=aGn1mdcEtYdBsakc%2BE8OBg%3D%3D&trackingId=zY%2FYk8rVfwTnxlMFuGF3nA%3D%3D&position=23&pageNum=0&trk=public_jobs_jserp-result_search-card
Content Writer,Wowcher,"Hackney, England, United Kingdom",1 week ago,-,https://uk.linkedin.com/jobs/view/content-writer-at-wowcher-3496843296?refId=aGn1mdcEtYdBsakc%2BE8OBg%3D%3D&trackingId=3B054rbO1AcAhtl0PuS1UQ%3D%3D&position=24&pageNum=0&trk=public_jobs_jserp-result_search-card
Expression of interest for Freelance Copywriters,&FRIENDS,"London Area, United Kingdom",1 month ago,-,https://uk.linkedin.com/jobs/view/expression-of-interest-for-freelance-copywriters-at-friends-3505623278?refId=aGn1mdcEtYdBsakc%2BE8OBg%3D%3D&trackingId=k9rPhD0R2u%2Fa0YokfLdpHA%3D%3D&position=25&pageNum=0&trk=public_jobs_jserp-result_search-card
